ID,Type,SKU,Name,Published,Short description,Description,Stock,Weight (oz),Length (in),Sale price,Regular price,Categories,Images,Parent
493330,simple,exotic-ritz-7-layer-sea-salt-77g,Exotic 7 Layer Cheese Ritz | 77g,1,"<ul>\n 	<li>Incredible Salty and Sweet Flavor</li>\n 	<li>Light And Crunchy</li>\n 	<li>From The Chinese Market</li>\n</ul>","<h2>Exotic 7 Layer Cheese Ritz | 77g</h2>\nCheck out these 7 layer Cheese Ritz Wafers topped with fresh sea salt and filled with sweet cheese. Each box comes with 9 individually wrapped 7 layer cheese wafers. This product tastes both salty, cheesy, and sweet. Exotic Ritz are originated from the Chinese market.\n<h3>Country Of Origin</h3>\n<ul>\n 	<li>China</li>\n</ul>",0,,,,13,"Exotic Snacks > Exotic Chips, Exotic Snacks",https://delta8resellers.com/wp-content/uploads/2023/05/ritz-wafers-sea-salt-cheese.jpg,
542716,simple,Exotic-Black-Pink-Oreo's-Chocolate-123.5g,Exotic Black Pink Oreo's | 123.5g - Chocolate,1,,Exotic-Black-Pink-Oreo's-Chocolate,18,1,,,12,,https://delta8resellers.com/wp-content/uploads/2023/06/Oreo-Black-Pink-Chocolate.jpg,
542717,simple,Exotic-Black-Pink-Oreo's-Strawberry-123.5g,Exotic Black Pink Oreo's | 123.5g - Strawberry,1,,Exotic-Black-Pink-Oreo's-Strawberry,21,1,,,12,,https://delta8resellers.com/wp-content/uploads/2023/06/Oreo-Black-Pink-Strawberry.jpg,
518969,simple,Exotic-Black-Pink-Oreo's-Limited-Edition-Chocolate,Exotic Black Pink Oreo's Limited Edition - Chocolate,1,,Exotic-Black-Pink-Oreo's-Limited-Edition-Chocolate,10,1,,,6.25,,https://delta8resellers.com/wp-content/uploads/2023/06/oreo-blackpink-limited-edition-chocolate-1.jpg,
518970,simple,Exotic-Black-Pink-Oreo's-Limited-Edition-Strawberry,Exotic Black Pink Oreo's Limited Edition - Strawberry,1,,,11,1,,,6.25,,https://delta8resellers.com/wp-content/uploads/2023/06/oreo-blackpink-limited-edition-strawberry-1.jpg,
542732,simple,Exotic-Butter-Filled-Koala's-March,Exotic Butter Cream Filled Koala's March,1,"<ul>\n 	<li>Delicious Cream Filled Cookies</li>\n 	<li>Exotic Snack From Japan</li>\n 	<li>Crunchy Light Cookies With Filling</li>\n</ul>","<h2>Exotic Butter Cream Filled Koala's March</h2>\n<div class=""flex-1 overflow-hidden"">\n<div class=""react-scroll-to-bottom--css-ywdws-79elbk h-full dark:bg-gray-800"">\n<div class=""react-scroll-to-bottom--css-ywdws-1n7m0yu"">\n<div class=""flex flex-col text-sm dark:bg-gray-800"">\n<div class=""group w-full text-gray-800 dark:text-gray-100 border-b border-black/10 dark:border-gray-900/50 bg-gray-50 dark:bg-[#444654]"">\n<div class=""flex p-4 gap-4 text-base md:gap-6 md:max-w-2xl lg:max-w-[38rem] xl:max-w-3xl md:py-6 lg:px-0 m-auto"">\n<div class=""relative flex w-[calc(100%-50px)] flex-col gap-1 md:gap-3 lg:w-[calc(100%-115px)]"">\n<div class=""flex flex-grow flex-col gap-3"">\n<div class=""min-h-[20px] flex flex-col items-start gap-4 whitespace-pre-wrap break-words"">\n<div class=""markdown prose w-full break-words dark:prose-invert light"">\n\nIntroducing our tantalizing treat, the Exotic Butter Cream Filled Koala's March! Get ready to embark on a flavor adventure that will transport your taste buds to the land of the rising sun. Hailing all the way from Japan, this unique delicacy will satisfy your cravings and leave you wanting more.\n\nPicture this: a crunchy, buttery biscuit that crumbles with every bite, creating a symphony of textures that'll make your mouth water. But wait, there's more! Inside this delectable creation lies a smooth and luscious cream-filled cookie, a surprise waiting to be discovered with each nibble.\n\nThis product is not your average cookie; it's an experience. It embodies the perfect harmony between crispy and creamy, providing an explosion of flavors that will captivate your senses. Whether you're looking for a sweet snack to indulge in during your study break or a treat to share with friends, these Exotic Butter Cream Filled Koala's March are the ultimate choice.\n\nMade with care in Japan, this product showcases the finest craftsmanship and attention to detail. Each bite will transport you to the bustling streets of Tokyo, where innovative flavors and unique combinations reign supreme. It's an instant escape from the mundane, a delicious journey that'll leave you craving more.\n\nSpecially crafted to appeal to all snack lovers alike, our Exotic Butter Cream Filled Koala's March are not just a cookie; they're a statement. With their vibrant packaging and irresistible taste, they are perfect for those who seek bold and adventurous flavors that reflect their vibrant personalities.\n\nSo, what are you waiting for? Grab a pack of these Exotic Butter Cream Filled Koala's March and let your taste buds take flight.\n\n</div>\n</div>\n</div>\n</div>\n</div>\n</div>\n</div>\n</div>\n</div>\n</div>\n&nbsp;\n<h2>Country Of Origin</h2>\n<ul>\n 	<li>Japan</li>\n</ul>\n<h3>Additional Product Information</h3>\n<ul>\n 	<li>Crunchy Buttery Biscuit On The Outside</li>\n 	<li>Cream Filled Cookie On The Inside</li>\n 	<li>Product Of Japan</li>\n</ul>",50,,,,6,"Exotic Snacks > Exotic Cookies, Exotic Snacks",https://delta8resellers.com/wp-content/uploads/2023/06/koara-marchi-butter.jpg,
324798,simple,Exotic-Snacks-Cheetos-Japanese-Steak-50g,Exotic Cheeto's | 50g - Japanese Steak,1,,Exotic-Snacks-Cheetos-Japanese-Steak-50g,10,1,,,6,,https://delta8resellers.com/wp-content/uploads/2023/01/exotic-cheetos-japanese-steak.jpg,
296302,simple,Exotic-Snacks-Cheetos-Roasted-Turkey-50g,Exotic Cheeto's | 50g - Roasted Turkey,1,,Exotic-Snacks-Cheetos-Roasted-Turkey-50g,16,1,,,6,,https://delta8resellers.com/wp-content/uploads/2023/01/exotic-cheetos-american-turkey.jpg,
347895,simple,exotic-Chips-ahoy-Soft-Sandwich-Cookies-Chocolate-Chunk,Exotic Chips Ahoy Soft Sandwich Cookies - Soft Sandwhich Chocolate Chunk,1,,exotic-Chips-ahoy-Soft-Sandwich-Cookies-Chocolate-Chunk,17,2,,,8,,https://delta8resellers.com/wp-content/uploads/2023/01/exotic-chips-ahoy-soft-sandwich-cookie-chocolate-chip.jpg,
347896,simple,exotic-Chips-ahoy-Soft-Sandwich-Cookies-Cranberry-Muffin,Exotic Chips Ahoy Soft Sandwich Cookies - Soft Sandwhich Cranberry Muffin,1,,exotic-Chips-ahoy-Soft-Sandwich-Cookies-Cranberry-Muffin,26,2,,,8,,https://delta8resellers.com/wp-content/uploads/2023/01/exotic-chips-ahoy-soft-sandwich-cookie-cranberry.jpg,
325390,simple,Exotic-Chocolate-Brownie-M&M's-36g,Exotic Chocolate Brownie M&amp;M's  | 36g,1,,"<h2>Exotic Chocolate Brownie M&amp;M's | 36g</h2>\nGet ready to enjoy your favorite delicious brownie experience in this M&amp;M bite. Add these M&amp;M brownie bites to your desserts or any special baking goods. These exotic M&amp;M bites are made in the UK. Share these exotic candy snacks among your friends and family.\n\n<strong>Ingredients</strong>: Cocoa Mass, Full Cream Milk Powder, Glucose Syrup, Lactose, Cocoa Buter, Starch, Sweetened Condensed Milk, Butter (From Milk), Palm Oil, Palm Fat, Cocoa Powder, Shea Fat, Humectant (Glycerol), Salt, Emulsifier (Soya Lecithin, E471), Stabilizer (Gum Arabic), Dextrin, Colors (E100, E133, E160e, E162, E170, E172), Peanuts, Dried Glucose Syrup, Glazing Agent (Carnauba Wax), Palm Kernel Oil, Vanilla Extract, Flavoring, (May contain: hazelnut). Milk chocolate contains milk solids 1% minimum.\n<h3>Additional Product Information</h3>\n<ul>\n 	<li>Portions per pack: 1</li>\n 	<li>Contains Milk, peanuts, may contain hazelnuts, &amp; soya</li>\n</ul>",0,1,,,4.16,Exotic Snacks > Exotic Candy,https://delta8resellers.com/wp-content/uploads/2023/01/Brownie-Bites-Milk-Chocolate-Bag-36g.jpg,
542764,simple,Exotic-Chocolate-Mochi-Cookies,Exotic Chocolate Mochi Cookies | 120g,1,"<ul>\n 	<li>Chocolate Mochi Lovers Dream</li>\n 	<li>From The Japan Snack Market</li>\n</ul>","<h2>Exotic Chocolate Mochi Cookies</h2>\nIndulge your taste buds with our delectable Exotic Chocolate Mochi Cookies! These little bites of heaven will transport you straight to Japan, the birthplace of this irresistible treat.\n\nMade with love and expertise in Japan, these Chocolate Covered Mochi Cookies are the perfect fusion of traditional mochi and heavenly chocolate. The result? A mouthwatering symphony of textures and flavors that will leave you craving for more.\n\nEach cookie is meticulously crafted to perfection, with a pillowy soft mochi exterior that gently gives way to a rich, velvety chocolate center. It's a delightful surprise for your palate with every bite. The smooth, decadent chocolate harmonizes flawlessly with the chewy, slightly sweet mochi, creating a truly heavenly experience.\n\nWhether you're a chocolate lover or an adventurous foodie, our Exotic Chocolate Mochi Cookies are sure to captivate your senses. They make for an exquisite treat to enjoy during a cozy evening at home, or as a unique and impressive addition to any gathering with friends.\n\nEmbrace the allure of Japanese cuisine and discover the wonder of these Sweet Treats From Japan. The combination of chocolate and mochi is a match made in dessert heaven, and these cookies bring that magical combination to life in the most delightful way possible.\n\nSo, if you're seeking an extraordinary snack that pushes the boundaries of taste and texture, look no further than our Exotic Chocolate Mochi Cookies. Order now and let the flavors of Japan transport you to a world of pure bliss. It's time to embark on a truly exceptional culinary adventure!\n<h2>Country Of Origin</h2>\n<ul>\n 	<li>Japan</li>\n</ul>\n<h3>Additional Product Information</h3>\n<ul>\n 	<li>Chocolate Covered Mochi Cookies</li>\n 	<li>Sweet Treat From Japan</li>\n</ul>\n&nbsp;",0,,,,6.99,"Exotic Snacks > Exotic Cookies, Exotic Snacks","https://delta8resellers.com/wp-content/uploads/2023/06/ROYAL-FAMILY-MOCHI-COOKIE-COCOA-CHIPS.jpg, https://delta8resellers.com/wp-content/uploads/2023/06/ROYAL-FAMILY-MOCHI-COOKIE-COCOA-CHIPS.jpg",
488222,simple,exotic-doritos-hot-and-spicy,Exotic Doritos - Hot and Spicy,1,,exotic-doritos-hot-and-spicy,0,1,,,6,,https://delta8resellers.com/wp-content/uploads/2023/05/doritos-hot-spicy.jpg,
294138,simple,Exotic-Soda-Fanta-Banana-Can-237ml,Exotic Fanta Soda | 237ml - Banana,1,,Exotic-Soda-Fanta-Banana-Can-237ml,0,8,,,6.75,,https://delta8resellers.com/wp-content/uploads/2022/12/fanta-banana.jpg,
294139,simple,Exotic-Soda-Fanta-Big-Red-Can-237ml,Exotic Fanta Soda | 237ml - Big Red,1,,Exotic-Soda-Fanta-Big-Red-Can-237ml,0,8,,,6.75,,https://delta8resellers.com/wp-content/uploads/2022/12/fanta-big-red.jpg,
316394,simple,Fanta-Green-325ml,Exotic Fanta Soda Can | 325ml,1,"<ul>\n 	<li>Product of Thailand</li>\n</ul>","<h2>Exotic Fanta Soda Can | 325ml</h2>\nEnjoy this exotic Fanta Soda in can size 325ml. Fanta Green is a limited edition soda that provides a unique blend of fruity flavors mixed with an accent of cream to synthesize this unique and flavorful experience. Do not miss out on this unique product. The combination of flavors in the Fanta Green contains - Pineapple, Orange, &amp; Banana.\n<h2>Exotic Fanta Soda Can Flavors -325ml</h2>\n<ul>\n 	<li>Fanta Green is a limited edition soda that provides a unique blend of fruity flavors mixed with an accent of cream to synthesize this unique and flavorful experience</li>\n</ul>\n<h3>Additional Information</h3>\n<ul>\n 	<li>11.4 ounce</li>\n 	<li>Mady by Fanta</li>\n</ul>",47,,,,6.99,"Exotic Snacks, Exotic Snacks > Exotic Drinks / Soda",https://delta8resellers.com/wp-content/uploads/2023/01/fanta-tropical-green-soda.jpg,
482610,simple,Exotic-Fanta-White-Peach-Soda-300mL,Exotic Fanta White Peach Soda | 300mL,1,"<ul>\n 	<li>Japan Fanta</li>\n 	<li>300ml Size</li>\n 	<li>Rare White Peach Flavor</li>\n</ul>","<h2>Exotic Fanta White Peach Soda | 300mL</h2>\nThis Fanta White Peach flavored soda is sure to satisfy any and all peach beverage flavor lovers. Each bottle contains 300ml (10.14oz) of soda. Grab one today and enjoy the very best. This flavor is considered the best and most rare flavor from the Fanta lineup. This white peach Fanta flavor hails from the Japan Flavor.\n<h3>Additional Product Info</h3>\n<ul>\n 	<li>Delicious Peach Soda</li>\n 	<li>300ml Size (10.14oz)</li>\n</ul>\n<h4>Country of Origin</h4>\n<ul>\n 	<li>Japan</li>\n</ul>",0,,,,12,Exotic Snacks > Exotic Drinks / Soda,"https://delta8resellers.com/wp-content/uploads/2023/05/Fanta-White-Peach.jpg, https://delta8resellers.com/wp-content/uploads/2023/05/Fanta-White-Peach.jpg",
484153,simple,exotic-faygo-firework-20oz,Exotic Faygo Soda | 20oz - Firework,1,,exotic-faygo-firework-20oz,0,20,,,8,,https://delta8resellers.com/wp-content/uploads/2023/05/faygo-soda-firework.jpg,
542754,simple,gokuri-exotic-drink-grape-14.1oz,Exotic Gokuri Juice Can | 14.1oz - Grape,'-1,,gokuri-exotic-drink-grape-14.1oz,5,14.1,,,5.5,,https://delta8resellers.com/wp-content/uploads/2023/06/suntory-gokuri-grape.jpg,
542755,simple,gokuri-exotic-drink-white-peach-14.1oz,Exotic Gokuri Juice Can | 14.1oz - White Peach,'-1,,gokuri-exotic-drink-white-peach-14.1oz,4,14.1,,,5.5,,https://delta8resellers.com/wp-content/uploads/2023/06/suntory-gokuri-peach.jpg,
484218,simple,exotic-snack-hersheys-choco-tube-cookies-n-cream,Exotic Hershey Choco Tubes,1,"<ul>\n 	<li>Product Of Thailand</li>\n 	<li>Exotic Cookies Combined With White And Milk Chocolate</li>\n</ul>","<h2>Exotic Hershey Choco Tubes</h2>\nHershey's Choco tubes are delicious chocolate filled cookies that have an amazing crunch and flavor. The most popular exotic Hershey's Choco Tube is the cookies and cream flavor and rightfully so. This product comes from the Thailand market.\n<h3>Exotic Hershey Choco Tube Flavors</h3>\n<ul>\n 	<li>Cookies and Cream</li>\n</ul>\n<h4>Country Of Origin</h4>\n<ul>\n 	<li>Thailand</li>\n</ul>",0,1,,,4,"Exotic Snacks > Exotic Cookies, Exotic Snacks",https://delta8resellers.com/wp-content/uploads/2023/05/hersheys-choco-tubes-cookies-n-cream.jpg,
542727,simple,Exotic-Hershey's-Fresh-Baked-Donuts-Chocolate-Strawberry-Filling,Exotic Hershey's Fresh Baked Donuts - Chocolate &amp; Strawberry Filling,1,,Exotic-Hershey's-Fresh-Baked-Donuts-Chocolate-Strawberry-Filling,33,2,,,7,,https://delta8resellers.com/wp-content/uploads/2023/06/hersheys-baked-strawberry-choco-donut.jpg,
542728,simple,Exotic-Hershey's-Fresh-Baked-Donuts-Chocolate-Filling,Exotic Hershey's Fresh Baked Donuts - Chocolate Filling,1,,Exotic-Hershey's-Fresh-Baked-Donuts-Chocolate-Filling,33,2,,,7,,https://delta8resellers.com/wp-content/uploads/2023/06/hersheys-baked-choco-donut.jpg,
347903,simple,Exotic-Hi-Chew-Lime,Exotic Hi-Chew - Lime,1,,Exotic-Hi-Chew-Lime,0,1,,,3.99,,https://delta8resellers.com/wp-content/uploads/2023/01/exotic-hi-chew-lime.jpg,
325434,simple,Exotic-Honey-Grapefruit-Juice-500ml,Exotic Honey Grapefruit Juice | 500ml,1,,"<h2>Exotic Honey Grapefruit Juice | 500ml</h2>\nThese Master Kong Juice drinks are extremely popular in the Asian markets. We felt the need to bring them to you as our inventory would not be complete without this staple of an exotic fruit juice beverage. Each bottle features 500ml of juice.\n<h2>Additional Product Information</h2>\n<ul>\n 	<li><strong>Master Kong Honey Pomelo - </strong>Enjoy the refreshing flavor of throat soothing honey and ripe sweet grapefruit.</li>\n</ul>\n<h3>Additional Product Information</h3>\n<ul>\n 	<li>500ml Per Bottle</li>\n 	<li>Exotic product of the Asian Markets</li>\n 	<li>Delicious fruit juice blends</li>\n</ul>",0,,,,3.5,"Exotic Snacks > Exotic Drinks / Soda, Exotic Snacks",https://delta8resellers.com/wp-content/uploads/2023/01/exotic-honey-grapefruit-drink.jpg,
484207,simple,exotic-kit-kat-dessert-delight-divine-choco-pudding,Exotic Kitkat Dessert Delight | 50g - Divine Choco Pudding,1,,exotic-kit-kat-dessert-delight-divine-choco-pudding,45,1.7,,,8.99,,https://delta8resellers.com/wp-content/uploads/2023/05/nestle-kit-kat-dessert-delight-divine-choco-pudding.jpg,
484208,simple,exotic-kit-kat-dessert-heavenly-brownie-kube,Exotic Kitkat Dessert Delight | 50g - Heavenly Brownie Kubes,1,,,41,1.7,,,8.99,,https://delta8resellers.com/wp-content/uploads/2023/05/nestle-kit-kat-dessert-delight-divine-heavenly-brownie-kubes.jpg,
518902,simple,exotic-kit-kat-dessert-delight-divine-Tempting-Truffle,Exotic Kitkat Dessert Delight | 50g - Tempting Truffle,1,,exotic-kit-kat-dessert-delight-divine-Tempting-Truffle,46,1.7,,,8.99,,,
488285,simple,kitkat-japan-mini-banana-caramel,Exotic Kitkat Mini Bag - Banana Caramel,1,,kitkat-japan-mini-banana-caramel,0,2,,,13,,https://delta8resellers.com/wp-content/uploads/2023/05/nestle-kit-kat-banana-caramel.jpg,
542694,simple,kitkat-mini-baskin-robins-mint-chocolate-chip-ice-cream,Exotic Kitkat Mini Bag - Baskin Robins x Mint Chocolate Chip Ice Cream,1,,kitkat-mini-baskin-robins-mint-chocolate-chip-ice-cream,13,2,,,13,,https://delta8resellers.com/wp-content/uploads/2023/06/Nestle-Kit-Kat-Chocolate-Mint-Ice-Cream.jpg,
542695,simple,kitkat-mini-caramel-pudding,Exotic Kitkat Mini Bag - Caramel Pudding,1,,kitkat-mini-caramel-pudding,15,2,,,13,,https://delta8resellers.com/wp-content/uploads/2023/06/Nestle-Kit-Kat-Caramel-Pudding.jpg,
518912,simple,kitkat-mini-cheesecake,Exotic Kitkat Mini Bag - Cheesecake,1,,kitkat-mini-cheesecake,0,2,,,13,,https://delta8resellers.com/wp-content/uploads/2023/06/kit-kat-cheesecake.jpg,
542696,simple,kitkat-mini-orange-chocolate,Exotic Kitkat Mini Bag - Orange Chocolate,1,,kitkat-mini-orange-chocolate,0,2,,,13,,https://delta8resellers.com/wp-content/uploads/2023/06/Nestle-Kit-Kat-Orange.jpg,
488284,simple,kitkat-mini-strawberry,Exotic Kitkat Mini Bag - Strawberry,1,,kitkat-mini-strawberry,0,2,,,13,,https://delta8resellers.com/wp-content/uploads/2023/05/nestle-kit-kat-strawberry.jpg,
497424,simple,exotic-lays-2IN1-seafood,Exotic Lays Chips - 2in1 Seafood,1,,exotic-lays-2IN1-seafood,14,1,,6,6.72,,https://delta8resellers.com/wp-content/uploads/2022/12/lays-shrimp-grill-seafaud-sauce.jpg,
521081,simple,exotic-lays-brown-sugar,Exotic Lays Chips - Brown Sugar,1,,exotic-lays-brown-sugar,0,1,,,6.72,,https://delta8resellers.com/wp-content/uploads/2023/06/lays-sweet-potato-chips-brown-sugar.jpg,
292966,simple,Exotic-Lays-Butter-Truffle-Popmart,Exotic Lays Chips - Butter Truffle X Popmart,1,,Exotic-Lays-Butter-Truffle-Popmart,0,,,6,6.72,,https://delta8resellers.com/wp-content/uploads/2022/12/lays-butter-fried-matsutake.jpg,
484071,simple,exotic-lays-chicken-skewer,Exotic Lays Chips - Chicken Skewer,1,,exotic-lays-chicken-skewer,12,1,,6,6.72,,https://delta8resellers.com/wp-content/uploads/2023/05/lays-chips-chicken-skewer.jpg,
316153,simple,Exotic-Lays-Chicken-Wing,Exotic Lays Chips - Chicken Wing,1,,Exotic-Lays-Chicken-Wing,0,1,,6,6.72,,,
482253,simple,Exotic-Lays-Cucumber,Exotic Lays Chips - Cucumber,1,,Exotic-Lays-Cucumber,70,1,,6,6.72,,https://delta8resellers.com/wp-content/uploads/2023/05/lays-chips-cucumber.jpg,
542699,simple,exotic-lays-double-cheeseburger,Exotic Lays Chips - Double Cheeseburger,1,,exotic-lays-double-cheeseburger,70,1,,,7.89,,,
484040,simple,exotic-lays-fried-chicken,Exotic Lays Chips - Fried Chicken,1,,,6,1,,6,6.72,,,
482254,simple,Exotic-Lays-Fried-Crab,Exotic Lays Chips - Fried Crab,1,,Exotic-Lays-Fried-Crab,66,1,,6,6.72,,https://delta8resellers.com/wp-content/uploads/2023/05/lays-chips-fried-crab.jpg,
292967,simple,Exotic-Lays-Gourmet-Sour-Cream-And-Onion,Exotic Lays Chips - Gourmet Sour Cream and Onion,1,,Exotic-Lays-Gourmet-Sour-Cream-And-Onion,0,,,6,6.72,,,
497451,simple,exotic-lays-grilled-ribs,Exotic Lays Chips - Grilled Ribs,1,,exotic-lays-grilled-ribs,9,1,,6,6.72,,https://delta8resellers.com/wp-content/uploads/2023/05/lays-grilled-ribs.jpg,
292968,simple,Exotic-Lays-Grilled-Shrimp-And-Seafood-Sauce,Exotic Lays Chips - Grilled Shrimp and Seafood Sauce,1,,Exotic-Lays-Grilled-Shrimp-And-Seafood-Sauce,0,,,6,6.72,,https://delta8resellers.com/wp-content/uploads/2022/12/lays-shrimp-grill-seafaud-sauce.jpg,
497452,simple,exotic-lays-grilled-squid,Exotic Lays Chips - Grilled Squid,1,,exotic-lays-grilled-squid,42,1,,6,6.72,,,
484048,simple,exotic-lays-Grilled-texas-BBQ,Exotic Lays Chips - Grilled Texas BBQ,1,,,3,1,,6,6.72,,https://delta8resellers.com/wp-content/uploads/2023/05/lays-chips-texas-grilled-bbq.jpg,
484049,simple,exotic-lays-hot-chili-squid,Exotic Lays Chips - Hot Chili Squid,1,,,39,1,,6,6.72,,https://delta8resellers.com/wp-content/uploads/2023/06/lays-chips-hot-chili-squid.jpg,
292969,simple,Exotic-Lays-Italian-Red-Meat,Exotic Lays Chips - Italian Red Meat,1,,Exotic-Lays-Italian-Red-Meat,48,1,,6,6.72,,https://delta8resellers.com/wp-content/uploads/2022/12/lays-italian-red-meat-flavor.jpg,
542700,simple,exotic-lays-lobster-roll,Exotic Lays Chips - Lobster Roll,1,,exotic-lays-lobster-roll,44,1,,,7.89,,https://delta8resellers.com/wp-content/uploads/2023/06/lays-chips-lobster-roll.jpg,
497444,simple,exotic-lays-mayonnaise,Exotic Lays Chips - Mayonnaise,1,,exotic-lays-mayonnaise,25,1,,6,6.72,,https://delta8resellers.com/wp-content/uploads/2023/06/lays-chips-heinz-mayonnaise.jpg,
484072,simple,exotic-lays-mentaiko-chicken,Exotic Lays Chips - Mentaiko Chicken,1,,exotic-lays-mentaiko-chicken,0,1,,6,6.72,,,
316154,simple,Exotic-Lays-Mexican-Chicken-Tomato,Exotic Lays Chips - Mexican Chicken Tomato,1,,Exotic-Lays-Mexican-Chicken-Tomato,17,1,,6,6.72,,https://delta8resellers.com/wp-content/uploads/2023/01/lays-mexican-chicken-tomato-flavor-1.jpg,
520918,simple,exotic-lays-mieng-kam-krob-ros,Exotic Lays Chips - Mieng Kam Krob Ros,1,,exotic-lays-mieng-kam-krob-ros,,1,,,6.72,,https://delta8resellers.com/wp-content/uploads/2023/06/lays-chips-mieng-kam-krob-ros.jpg,
497442,simple,exotic-lays-numb-and-spicy-hot-pot,Exotic Lays Chips - Numb And Spicy Hot Pot,1,,exotic-lays-numb-and-spicy-hot-pot,36,1,,6,6.72,,https://delta8resellers.com/wp-content/uploads/2023/06/lays-chips-numb-and-spicy-hot-pot.jpg,
521095,simple,exotic-lays-pan-fried-scallops,Exotic Lays Chips - Pan Fried Scallops,1,,exotic-lays-pan-fried-scallops,1,1,,,6.72,,https://delta8resellers.com/wp-content/uploads/2023/06/lays-chipis-pan-fried-scallops.jpg,
316458,simple,Exotic-Lays-Popcorn-Mix-Flavor,Exotic Lays Chips - Popcorn Mix Flavor,1,,Exotic-Lays-Popcorn-Mix-Flavor,0,1,,6,6.72,,,
497443,simple,exotic-lays-roasted-cumin-lamb,Exotic Lays Chips - Roasted Cumin Lamb,1,,exotic-lays-roasted-cumin-lamb,37,1,,6,6.72,,https://delta8resellers.com/wp-content/uploads/2023/05/lays-chips-roasted-cumin-lamb-skewer.jpg,
520924,simple,exotic-lays-salmon-chilli-lime,Exotic Lays Chips - Salmon Chilli Lime,1,,exotic-lays-salmon-chilli-lime,,1,,,6.72,,https://delta8resellers.com/wp-content/uploads/2023/06/lays-chips-3in1-salmon-chili-lime.jpg,
316155,simple,Exotic-Lays-Salted-Egg,Exotic Lays Chips - Salted Egg,1,,Exotic-Lays-Salted-Egg,30,1,,6,6.72,,https://delta8resellers.com/wp-content/uploads/2023/06/lays-chips-salted-egg.jpg,
292970,simple,Exotic-Lays-Sichuan-Spicy-Chicken,Exotic Lays Chips - Sichuan Spicy Chicken,1,,Exotic-Lays-Sichuan-Spicy-Chicken,0,,,6,6.72,,https://delta8resellers.com/wp-content/uploads/2022/12/lays-sichuan-spicy-chips.jpg,
497433,simple,exotic-lays-spicy-crayfish,Exotic Lays Chips - Spicy Crayfish,1,,exotic-lays-spicy-crayfish,34,1,,6,6.72,,https://delta8resellers.com/wp-content/uploads/2023/05/lays-chips-spicy-crayfish.jpg,
316156,simple,Exotic-Lays-Spicy-Lobster,Exotic Lays Chips - Spicy Lobster,1,,Exotic-Lays-Spicy-Lobster,0,1,,6,6.72,,https://delta8resellers.com/wp-content/uploads/2023/06/lays-chips-spicy-lobster.jpg,
484064,simple,exotic-lays-sweet-basil,Exotic Lays Chips - Sweet Basil,1,,exotic-lays-sweet-basil,38,1,,6,6.72,,https://delta8resellers.com/wp-content/uploads/2023/06/lays-chips-sweet-basil.jpg,
521082,simple,exotic-lays-sweet-potato,Exotic Lays Chips - Sweet Potato,1,,exotic-lays-sweet-potato,0,1,,,6.72,,https://delta8resellers.com/wp-content/uploads/2023/06/lays-sweet-potato-chips.jpg,
292971,simple,Exotic-Lays-Thai-Hotpot,Exotic Lays Chips - Thai Hotpot,1,,Exotic-Lays-Thai-Hotpot,0,,,6,6.72,,,
497430,simple,exotic-lays-tomato-yam-crisps,Exotic Lays Chips - Tomato Yam Crisps,1,,exotic-lays-tomato-yam-crisps,2,1,,6,6.72,,https://delta8resellers.com/wp-content/uploads/2023/05/lays-yam-crisps-tomato.jpg,
292975,simple,Exotic-Lays-TRUFFLE-Lays,Exotic Lays Chips - Truffle Lays,1,,Exotic-Lays-TRUFFLE-Lays,8,1,,6,6.72,,https://delta8resellers.com/wp-content/uploads/2022/12/lays-truffle-chips.jpg,
484084,simple,exotic-lays-limited-edition-mentaiko-chicken,Exotic Lays Limited Edition Chips - Mentaiko Chicken,1,,,0,1,,,7,,https://delta8resellers.com/wp-content/uploads/2023/05/lays-chips-mentaiko-chicken.jpg,
484085,simple,exotic-lays-limited-edition-octopus-meatball,Exotic Lays Limited Edition Chips - Octopus Meatball,1,,,0,1,,,7,,https://delta8resellers.com/wp-content/uploads/2023/05/lays-chips-japanese-takoyaki.jpg,
484086,simple,exotic-lays-limited-edition-salt-and-pepper-mantis-shrimp,Exotic Lays Limited Edition Chips - Salt and Pepper Mantis Shrimp,1,,,15,1,,,7,,https://delta8resellers.com/wp-content/uploads/2023/05/lays-chips-salted-mantis-shrimp.jpg,
520893,simple,exotic-lays-limited-edition-sizzling-squid,Exotic Lays Limited Edition Chips - Sizzling Squid,1,,exotic-lays-limited-edition-sizzling-squid,4,1,,,7,,https://delta8resellers.com/wp-content/uploads/2023/05/lays-chips-sizzling-squid.jpg,
484087,simple,exotic-lays-limited-edition-waygu,Exotic Lays Limited Edition Chips - Waygu,1,,,0,2,,,7.5,,https://delta8resellers.com/wp-content/uploads/2023/05/lays-chips-steak.jpg,
488176,simple,exotic-lays-unlimited-pepper-ribeye-steak,Exotic Lays Stax Unlimited | 90g - Black Pepper Rib Eye Steak,1,,exotic-lays-unlimited-pepper-ribeye-steak,0,1,,,8,,https://delta8resellers.com/wp-content/uploads/2023/01/lays-stax-black-pepperrib-eye-steak-chips-1.jpg,
488177,simple,lays-unlimited-90g-Stax-cucumber,Exotic Lays Stax Unlimited | 90g - Cucumber,1,,lays-unlimited-90g-Stax-cucumber,48,1,,,8,,https://delta8resellers.com/wp-content/uploads/2023/05/lays-stacks-cucumber.jpg,
482303,simple,Exotic-Malt-Dark-Chocolate-Rice-Cracker,Exotic Malt & Dark Chocolate Rice Cracker,1,,"<h2>Exotic Malt &amp; Dark Chocolate Rice Cracker</h2>\nCheck out these double dark chocolate filled cookies straight from the Thailand market. These chocolate rich filled rice crackers are sure to please all chocolate lovers alike. Delta-8 Resellers prides itself in bringing the latest and greatest from the exotic snack market. Grab a bag today to try. These snacks are not infused with any cannabinoids!\n<h3>Country Of Origin</h3>\n<ul>\n 	<li>Thailand</li>\n</ul>\n&nbsp;",53,,,,6.99,"Exotic Snacks > Exotic Cookies, Exotic Snacks",https://delta8resellers.com/wp-content/uploads/2023/05/lays-thailand-chocolate-filled-crispy-cookies.jpg,
329719,simple,Exotic-Milkis-Soda-250ml-Apple,Exotic Milkis Soda | 250ml - Apple,1,,Exotic-Milkis-Soda-250ml-Apple,0,8.45,,,4,,,
329720,simple,Exotic-Milkis-Soda-250ml-Banana,Exotic Milkis Soda | 250ml - Banana,1,,Exotic-Milkis-Soda-250ml-Banana,0,8.45,,,4,,,
329721,simple,Exotic-Milkis-Soda-250ml-Melon,Exotic Milkis Soda | 250ml - Melon,1,,Exotic-Milkis-Soda-250ml-Melon,0,8.45,,,4,,,
329722,simple,Exotic-Milkis-Soda-250ml-Milk-n-Yogurt,Exotic Milkis Soda | 250ml - Milk &amp; Yogurt,1,,Exotic-Milkis-Soda-250ml-Milk-n-Yogurt,0,8.45,,,4,,,
329723,simple,Exotic-Milkis-Soda-250ml-Orange,Exotic Milkis Soda | 250ml - Orange,1,,Exotic-Milkis-Soda-250ml-Orange,0,8.45,,,4,,,
329724,simple,Exotic-Milkis-Soda-250ml-Peach,Exotic Milkis Soda | 250ml - Peach,1,,Exotic-Milkis-Soda-250ml-Peach,0,8.45,,,4,,,
329725,simple,Exotic-Milkis-Soda-250ml-Strawberry,Exotic Milkis Soda | 250ml - Strawberry,1,,Exotic-Milkis-Soda-250ml-Strawberry,0,8.45,,,4,,https://delta8resellers.com/wp-content/uploads/2023/01/exotic-lotte-milkis-strawberry.jpg,
421284,simple,Exotic-Minute-Maid-480mL-White-Grape,Exotic Minute Maid | 480mL - White Grape,1,,Exotic-Minute-Maid-480mL-White-Grape,0,4,,,5.75,,https://delta8resellers.com/wp-content/uploads/2023/01/exotic-minute-made-sparkling-white-grape.jpg,
421285,simple,Exotic-Minute-Maid-480mL-White-Peach,Exotic Minute Maid | 480mL - White Peach,1,,Exotic-Minute-Maid-480mL-White-Peach,0,4,,,5.75,,https://delta8resellers.com/wp-content/uploads/2023/01/exotic-minute-made-sparkling-white-peach.jpg,
329635,simple,Exotic-Minute-Maid-Fruit-Milk-450g-Banana,Exotic Minute Maid Fruit Milk | 450g - Banana,1,,Exotic-Minute-Maid-Fruit-Milk-450g-Banana,0,4,,,6,,https://delta8resellers.com/wp-content/uploads/2023/01/Exotic-Minute-Maid-Premium-Fruit-Milk-Banana-450g.webp,
347948,simple,Exotic-Minute-Maid-Fruit-Milk-450g-Mango,Exotic Minute Maid Fruit Milk | 450g - Mango,1,,Exotic-Minute-Maid-Fruit-Milk-450g-Mango,22,4,,,6,,,
347949,simple,Exotic-Minute-Maid-Fruit-Milk-450g-Peach,Exotic Minute Maid Fruit Milk | 450g - Peach,1,,Exotic-Minute-Maid-Fruit-Milk-450g-Peach,4,4,,,6,,,
325431,simple,Exotic-Minute-Maid-Fruit-Milk-450g-Pineapple,Exotic Minute Maid Fruit Milk | 450g - Pineapple,1,,Exotic-Minute-Maid-Fruit-Milk-450g-Pineapple,33,4,,,6,,https://delta8resellers.com/wp-content/uploads/2023/01/exotic-minute-made-fruit-milk-pineapple.jpg,
329647,simple,Exotic-Mirinda-Soda-500ml-Mystery,Exotic Mirinda Soda | 500ml - Mystery,1,,Exotic-Mirinda-Soda-500ml-Mystery,0,5,,,6.6,,,
329648,simple,Exotic-Mirinda-Soda-500ml-Peach,Exotic Mirinda Soda | 500ml - Peach,1,,Exotic-Mirinda-Soda-500ml-Peach,0,5,,,6.6,,,
329649,simple,Exotic-Mirinda-Soda-500ml-Watermelon,Exotic Mirinda Soda | 500ml - Watermelon,1,,Exotic-Mirinda-Soda-500ml-Watermelon,0,5,,,6.6,,,
325360,simple,Exotic-Monster-Energy-310ml-Gold-Dragon,Exotic Monster Energy | 310ml - Gold Dragon,1,,Exotic-Monster-Energy-310ml-Gold-Dragon,0,4,,,7.75,,,
518958,simple,Exotic-Nestle-Shark-Wafer-Bites-Cheese-Bites,Exotic Nestle Shark Wafer Bites - Cheese Shark Bites,1,,Exotic-Nestle-Shark-Wafer-Bites-Cheese-Bites,9,1,,,5.25,,https://delta8resellers.com/wp-content/uploads/2023/06/NESTLE-Shark-Wafer-Biscuit-Cheese.jpg,
518959,simple,Exotic-Nestle-Shark-Wafer-Bites-Chocolate-Bites,Exotic Nestle Shark Wafer Bites - Chocolate Shark Bites,1,,Exotic-Nestle-Shark-Wafer-Bites-Chocolate-Bites,21,1,,,5.25,,https://delta8resellers.com/wp-content/uploads/2023/06/NESTLE-Shark-Wafer-Biscuit-Chocolate.jpg,
518960,simple,Exotic-Nestle-Shark-Wafer-Bites-Milk-Bites,Exotic Nestle Shark Wafer Bites - Milk Shark Bites,1,,Exotic-Nestle-Shark-Wafer-Bites-Milk-Bites,36,1,,,5.25,,,
311137,simple,Ocean-Bomb-Dragon-Ball-Z-Brown-Sugar-Bubble-Milk-Tea-11.1oz,Exotic Ocean Bomb Dragon Ball Z Drinks | 11.1oz - Brown Sugar Bubble Milk Tea,1,,Ocean-Bomb-Dragon-Ball-Z-Brown-Sugar-Bubble-Milk-Tea-11.1oz,0,11.1,,,5.5,,,
411406,simple,Ocean-Bomb-Dragon-Ball-Z-Honey-Lemon-Flavor-11.1oz,Exotic Ocean Bomb Dragon Ball Z Drinks | 11.1oz - Honey Lemon Flavor,1,,Ocean-Bomb-Dragon-Ball-Z-Honey-Lemon-Flavor-11.1oz,18,11.1,,,5.5,,,
311138,simple,Ocean-Bomb-Dragon-Ball-Z-Magin-Boo-Peach-11.1oz,Exotic Ocean Bomb Dragon Ball Z Drinks | 11.1oz - Magin Boo Peach,1,,Ocean-Bomb-Dragon-Ball-Z-Magin-Boo-Peach-11.1oz,0,11.1,,,5.5,,,
411400,simple,Ocean-Bomb-Dragon-Ball-Z-Mango-Flavor-11.1oz,Exotic Ocean Bomb Dragon Ball Z Drinks | 11.1oz - Mango Flavor,1,,Ocean-Bomb-Dragon-Ball-Z-Mango-Flavor-11.1oz,0,11.1,,,5.5,,,
411397,simple,Ocean-Bomb-Dragon-Ball-Z-Orange-Flavor-11.1oz,Exotic Ocean Bomb Dragon Ball Z Drinks | 11.1oz - Orange Flavor,1,,Ocean-Bomb-Dragon-Ball-Z-Orange-Flavor-11.1oz,32,11.1,,,5.5,,,
482248,simple,Ocean-Bomb-Dragon-Ball-Z-Passion-Fruit-11.1oz,Exotic Ocean Bomb Dragon Ball Z Drinks | 11.1oz - Passion Fruit,1,,Ocean-Bomb-Dragon-Ball-Z-Passion-Fruit-11.1oz,42,11.1,,,5.5,,,
480162,simple,Ocean-Bomb-Dragon-Ball-Z-Super-Saiyan-Rose-11.1oz,Exotic Ocean Bomb Dragon Ball Z Drinks | 11.1oz - Super Saiyan Rose,1,,Ocean-Bomb-Dragon-Ball-Z-Super-Saiyan-Rose-11.1oz,7,11.1,,,5.5,,,
311139,simple,Ocean-Bomb-Dragon-Ball-Z-UI-Goku-Apple,Exotic Ocean Bomb Dragon Ball Z Drinks | 11.1oz - UI Goku Apple,1,,Ocean-Bomb-Dragon-Ball-Z-UI-Goku-Apple,13,11.1,,,5.5,,,
311140,simple,Ocean-Bomb-Dragon-Ball-Z-Vegeta-Vanilla-11.1oz,Exotic Ocean Bomb Dragon Ball Z Drinks | 11.1oz - Vegeta Vanilla,1,,Ocean-Bomb-Dragon-Ball-Z-Vegeta-Vanilla-11.1oz,0,11.1,,,5.5,,,
411402,simple,Ocean-Bomb-Dragon-Ball-Z-White-Grape-Flavor-11.1oz,Exotic Ocean Bomb Dragon Ball Z Drinks | 11.1oz - White Grape Flavor,1,,Ocean-Bomb-Dragon-Ball-Z-White-Grape-Flavor-11.1oz,10,11.1,,,5.5,,,
488301,simple,exotic-oreo-cadbury-5star-chocolate,Exotic Oreo 5 Star,1,"<ul>\n 	<li>Exotic Collaboration Of Cadbury And Oreo</li>\n</ul>","<h2>Exotic Oreo 5 Star</h2>\nThese Exotic Oreo 5 Star feature a collaboration with Cadbury the chocolatier. Each chocolate features a milk chocolate covering with a cookies and cream center. The cookies and cream center is surrounded by a caramel layer. These chocolates are extremely delicious.  The country of origin is India.\n<h3>Country Of Origin</h3>\n<ul>\n 	<li>India</li>\n</ul>",0,1,,,4,"Exotic Snacks > Exotic Candy, Exotic Snacks",https://delta8resellers.com/wp-content/uploads/2023/05/cadbury-5star-oreo.jpg,
480134,simple,Oreo-Biscuit-Bite-Limited-Edition-Chocolate,Exotic Oreo Biscuit Bite | Limited Edition - Chocolate,1,,Oreo-Biscuit-Bite-Limited-Edition-Chocolate,74,1.65,,,6.25,,,
493408,simple,Oreo-Biscuit-Bite-Limited-Edition-Tiramisu,Exotic Oreo Biscuit Bite | Limited Edition - Tiramisu,1,,Oreo-Biscuit-Bite-Limited-Edition-Tiramisu,17,,,,6.25,,,
480135,simple,Oreo-Biscuit-Bite-Limited-Edition-Vanilla-Mousse,Exotic Oreo Biscuit Bite | Limited Edition - Vanilla Mousse,1,,Oreo-Biscuit-Bite-Limited-Edition-Vanilla-Mousse,16,1.65,,,6.25,,,
483657,simple,Exotic-Oreo-Cloud-Cakesters-88g-Strawberry,Exotic Oreo Cloud Cakesters | 88g - Strawberry,1,,Exotic-Oreo-Cloud-Cakesters-88g-Strawberry,0,2,,,11.99,,https://delta8resellers.com/wp-content/uploads/2023/05/Limited-Edition-Strawberry-Oreo-Cakesters.jpg,
292938,simple,Oreo-Cookies-28.5g-Birthday-Sprinkles,Exotic Oreo Cookie Packs | 3 Cookies - Birthday Sprinkles,1,,Oreo-Cookies-28.5g-Birthday-Sprinkles,0,1,,2.35,3.5,,https://delta8resellers.com/wp-content/uploads/2022/12/oreo-birthday-sprinkles-cookies.jpg,
292939,simple,Oreo-Cookies-28.5g-Strawberry-Creme,Exotic Oreo Cookie Packs | 3 Cookies - Strawberry Creme,1,,Oreo-Cookies-28.5g-Strawberry-Creme,0,1,,2.35,3.5,,https://delta8resellers.com/wp-content/uploads/2022/12/oreo-strawberry-creme.jpg,
484105,simple,exotic-oreo-sleeve-birthday-cake,Exotic Oreo Cookies | 116g - Birthday Cake,1,,exotic-oreo-sleeve-birthday-cake,0,1,,,7.88,,,
375240,simple,Exotic-Oreo-Cookies-116g-Double-Chocolate,Exotic Oreo Cookies | 116g - Double Chocolate,1,,Exotic-Oreo-Cookies-116g-Double-Chocolate,22,2,,,7.88,,,
484106,simple,exotic-oreo-sleeve-matcha-fig,Exotic Oreo Cookies | 116g - Matcha Fig,1,,exotic-oreo-sleeve-matcha-fig,21,,,,7.88,,,
375241,simple,Exotic-Oreo-Cookies-116g-Strawberry,Exotic Oreo Cookies | 116g - Strawberry,1,,Exotic-Oreo-Cookies-116g-Strawberry,3,2,,,7.88,,,
518943,simple,Exotic-Oreo-Cookies-248g-Dark-n-White-Chocolate,Exotic Oreo Cookies | 248g - Dark &amp; White Chocolate,1,,Exotic-Oreo-Cookies-248g-Dark-n-White-Chocolate,10,3,,,11,,https://delta8resellers.com/wp-content/uploads/2023/06/oreo-dark-and-white-cocolate.jpg,
521073,simple,Exotic-Oreo-Cookies-248g-Peanut-Butter-n-Chocolate,Exotic Oreo Cookies | 248g - Peanut Butter &amp; Chocolate,1,,Exotic-Oreo-Cookies-248g-Peanut-Butter-n-Chocolate,1,3,,,11,,https://delta8resellers.com/wp-content/uploads/2023/06/oreo-peanut-butter-and-chocolate.jpg,
518942,simple,Exotic-Oreo-Cookies-248g-Strawberry-Creme,Exotic Oreo Cookies | 248g - Strawberry Creme,1,,Exotic-Oreo-Cookies-248g-Strawberry-Creme,0,3,,,11,,https://delta8resellers.com/wp-content/uploads/2023/06/oreo-strawberry-cream.jpg,
325287,simple,Exotic-Oreo-Cookies-97g-birthday-cake,Exotic Oreo Cookies | 97g - Birthday Cake,1,,,38,2,,,8.85,,https://delta8resellers.com/wp-content/uploads/2023/01/exotic-oreos-birthday-cake.jpg,
325288,simple,Exotic-Oreo-Cookies-97g-double-chocolate,Exotic Oreo Cookies | 97g - Double Chocolate,1,,Exotic-Oreo-Cookies-97g-double-chocolate,0,2,,,8.85,,,
325289,simple,Exotic-Oreo-Cookies-97g-ice-cream-matcha,Exotic Oreo Cookies | 97g - Ice Cream Matcha,1,,Exotic-Oreo-Cookies-97g-ice-cream-matcha,41,2,,,8.85,,https://delta8resellers.com/wp-content/uploads/2023/01/Oreo-Mactha-Ice-Cream-97g.webp,
325290,simple,Exotic-Oreo-Cookies-97g-mellow-yogurt,Exotic Oreo Cookies | 97g - Mellow Yogurt,1,,Exotic-Oreo-Cookies-97g-mellow-yogurt,31,2,,,8.85,,,
325291,simple,Exotic-Oreo-Cookies-97g-peach-oolong-tea,Exotic Oreo Cookies | 97g - Peach Oolong Tea,1,,Exotic-Oreo-Cookies-97g-peach-oolong-tea,83,2,,,8.85,,,
325292,simple,Exotic-Oreo-Cookies-97g-raspberry-blueberry,Exotic Oreo Cookies | 97g - Raspberry &amp; Blueberry,1,,Exotic-Oreo-Cookies-97g-raspberry-blueberry,69,,,,8.85,,https://delta8resellers.com/wp-content/uploads/2023/01/Oreo-rasp-n-blueberry.webp,
325293,simple,Exotic-Oreo-Cookies-97g-strawberry,Exotic Oreo Cookies | 97g - Strawberry,1,,Exotic-Oreo-Cookies-97g-strawberry,0,2,,,8.85,,https://delta8resellers.com/wp-content/uploads/2023/01/Oreo-cookie-strawberry-97g.webp,
325294,simple,Exotic-Oreo-Cookies-97g-white-grape-peach,Exotic Oreo Cookies | 97g - White Grape &amp; Peach,1,,Exotic-Oreo-Cookies-97g-white-grape-peach,79,2,,,8.85,,https://delta8resellers.com/wp-content/uploads/2023/01/Oreo-white-Grape-Peach-97g.webp,
493507,simple,exotic-oreo-cookies-chocolate-mousse-116g,Exotic Oreo Cookies Limited Edition - Chocolate Mousse,1,,exotic-oreo-cookies-chocolate-mousse-116g,0,,,,7.5,,,
493508,simple,,Exotic Oreo Cookies Limited Edition - Grapefruit And Mango,1,,,5,,,,7.5,,https://delta8resellers.com/wp-content/uploads/2023/05/oreo-mango.jpg,
493509,simple,,Exotic Oreo Cookies Limited Edition - Rose,1,,,21,,,,7.5,,,
325304,simple,Exotic-Oreo-Ultra-Thin-Biscuit-95g-Matcha-Fig,Exotic Oreo Ultra Thin Biscuit | 95g - Matcha Fig,1,,Exotic-Oreo-Ultra-Thin-Biscuit-95g-Matcha-Fig,65,2,,,6.99,,,
325305,simple,Exotic-Oreo-Ultra-Thin-Biscuit-95g-Rose-0-Calories,Exotic Oreo Ultra Thin Biscuit | 95g - Rose (0 Calories),1,,Exotic-Oreo-Ultra-Thin-Biscuit-95g-Rose-0-Calories,0,2,,,6.99,,,
325306,simple,Exotic-Oreo-Ultra-Thin-Biscuit-95g-Sweet-n-Sour-Strawberry,Exotic Oreo Ultra Thin Biscuit | 95g - Sweet n Sour Strawberry,1,,Exotic-Oreo-Ultra-Thin-Biscuit-95g-Sweet-n-Sour-Strawberry,42,2,,,6.99,,,
325307,simple,Exotic-Oreo-Ultra-Thin-Biscuit-95g-Vanilla,Exotic Oreo Ultra Thin Biscuit | 95g - Vanilla,1,,Exotic-Oreo-Ultra-Thin-Biscuit-95g-Vanilla,10,2,,,6.99,,,
294105,simple,Exotic-Snacks-Oreo-Wafer-Rolls-box-Strawberry,Exotic Oreo Wafer Rolls - Strawberry,1,,Exotic-Snacks-Oreo-Wafer-Rolls-box-Strawberry,0,1,,,6,,,
294106,simple,Exotic-Snacks-Oreo-Wafer-Rolls-box-Vanilla,Exotic Oreo Wafer Rolls - Vanilla,1,,Exotic-Snacks-Oreo-Wafer-Rolls-box-Vanilla,0,1,,,6,,,
325351,simple,Exotic-Pepsi-Soda-500ml-raspberry,Exotic Pepsi Soda | 500ml - Raspberry,1,,Exotic-Pepsi-Soda-500ml-raspberry,68,5,,,7.75,,https://delta8resellers.com/wp-content/uploads/2023/01/exotic-pepsi-2.jpg,
325391,simple,Exotic-Pepsi-Soda-500ml-sweet-osmanthus,Exotic Pepsi Soda | 500ml - Sweet Osmanthus,1,,Exotic-Pepsi-Soda-500ml-sweet-osmanthus,80,5,,,7.75,,https://delta8resellers.com/wp-content/uploads/2023/01/exotic-pepsi-1.jpg,
325352,simple,Exotic-Pepsi-Soda-500ml-white-peach-oolong,Exotic Pepsi Soda | 500ml - White Peach Oolong,1,,Exotic-Pepsi-Soda-500ml-white-peach-oolong,22,5,,,7.75,,https://delta8resellers.com/wp-content/uploads/2023/01/exotic-pepsi-3-peach.jpg,
493528,simple,exotic-pringles-chili-lemon-crab,Exotic Pringles Chips | 110g - Chili Lemon Crab,1,,exotic-pringles-chili-lemon-crab,0,2,,,8,,https://delta8resellers.com/wp-content/uploads/2023/05/pringles-stack-spicy-lemon-crab.jpg,
296341,simple,Exotic-Drinks-Red-Bull-Mentholyptus-170ml,Exotic Red Bull | 170ml - Mentholyptus,1,,Exotic-Drinks-Red-Bull-Mentholyptus-170ml,0,5.98,,,8.75,,,
296342,simple,Exotic-Drinks-Red-Bull-Watermelon-170ml,Exotic Red Bull | 170ml - Watermelon,1,,Exotic-Drinks-Red-Bull-Watermelon-170ml,0,5.98,,,8.75,,,
325364,simple,Exotic-Red-Bull-Energy-Drink-250ml,Exotic Red Bull Energy Drink | 250ml,1,,"<h2>Exotic Red Bull Energy Drink | 250ml</h2>\nDoesn't Red Bull give you wings? We love to believe that it does and these Asian Market Red Bull Energy Drinks are no different. Experience energy drinks from all over the world in exotic flavors. Each can contains 250ml of energy drink.\n<h2>Additional Product Information</h2>\n<ul>\n 	<li>Exotic Product From The Asian Market</li>\n 	<li>Famous and Exclusive Red Bull Energy Drink</li>\n 	<li>250ml Size</li>\n</ul>",0,4,,,7.8,"Exotic Snacks > Exotic Drinks / Soda, Exotic Snacks",https://delta8resellers.com/wp-content/uploads/2023/01/exotic-redbull-yellow-can-short.jpg,
325413,simple,Exotic-Ritz-Bit-109g-cheese,Exotic Ritz Bits | 109g,1,,"<h2>Exotic Ritz Bits Crackers | 109g</h2>\nRitz Bits crackers have been a staple in the American house hold since the 90's. This is no different when it comes to the Asian market and what's even more exciting is that the Asian market got flavors that we did not. Shop Exotic Ritz Bits crackers from all over the Asian market in a wide variety of flavors.\n<h2>Exotic Ritz Bits Cracker Flavors</h2>\n<ul>\n 	<li><strong>Cheese</strong></li>\n</ul>\n<h3>Additional Product Information</h3>\n<ul>\n 	<li>109gram Size</li>\n 	<li>Exotic Snack From the Asian Market</li>\n 	<li>Favorite Past Time Snack</li>\n</ul>",0,2,,,8,"Exotic Snacks > Exotic Chips, Exotic Snacks",https://delta8resellers.com/wp-content/uploads/2023/01/exotic-ritz-crackers.jpg,
518916,simple,ritz-crackers-milk-cheese-,Exotic Ritz Milk Cheese | 218g,1,"<ul>\n 	<li>Rich Creamy Cheese Filled Crackers</li>\n 	<li>From The Chinese Snack Market</li>\n</ul>","<h2>Exotic Ritz Milk Cheese | 218g</h2>\nEnjoy these Ritz creamy cheese crackers derived from the Chinese snack market. This full size Ritz crackers are filled with milky and creamy sweet cheese that is sure to give a savory and sweet taste. Each box contains 218g of crackers filled with cheese.\n<h3>Country Of Origin</h3>\n<ul>\n 	<li>China</li>\n</ul>\n&nbsp;",14,,,,10,"Exotic Snacks > Exotic Cookies, Exotic Snacks",https://delta8resellers.com/wp-content/uploads/2023/06/ritz-cracker-yogurt-cheese.jpg,
347204,simple,Exotic-Snacks-Skittles-Candies-Fruit-Tea-40g,Exotic Skittles Candies | 40g - Fruit Tea,1,,Exotic-Snacks-Skittles-Candies-Fruit-Tea-40g,59,1.41,,,5.37,,https://delta8resellers.com/wp-content/uploads/2023/01/exotic-skittles-fruit-tea-flavor.jpg,
347205,simple,exotic-Snacks-Skittles-Candies-Fruit-Yogurt-smoothie-40g,Exotic Skittles Candies | 40g - Fruit Yogurt Smoothie,1,,exotic-Snacks-Skittles-Candies-Fruit-Yogurt-smoothie-40g,0,1.41,,,5.37,,https://delta8resellers.com/wp-content/uploads/2023/01/exotic-skittles-fruit-yogurt-smoothie.jpg,
347206,simple,exotic-Snacks-Skittles-Candies-purple-bag-mystery-40g,Exotic Skittles Candies | 40g - Purple Bag Mystery,1,,exotic-Snacks-Skittles-Candies-purple-bag-mystery-40g,0,1.41,,,5.37,,https://delta8resellers.com/wp-content/uploads/2023/01/exotic-skittles-purple-bag-mystery.jpg,
325408,simple,Exotic-Skittles-Giants-141g-Fruits,Exotic Skittles Giants | 141g - Fruits,1,,Exotic-Skittles-Giants-141g-Fruits,0,3,,,9,,,
347144,simple,Exotic-Candy-Skittles-Gummies-Floral-Fruit-40g,Exotic Skittles Gummies - Floral Fruit Gummies,1,,Exotic-Candy-Skittles-Gummies-Floral-Fruit-40g,27,1.41,,,7,,https://delta8resellers.com/wp-content/uploads/2023/01/exotic-skittles-gummies-floral-fruit.jpg,
347145,simple,Exotic-Candy-Skittles-Gummies-Fruit-Tea-40g,Exotic Skittles Gummies - Fruit Tea Gummies,1,,Exotic-Candy-Skittles-Gummies-Fruit-Tea-40g,48,1.41,,,7,,https://delta8resellers.com/wp-content/uploads/2023/01/exotic-skittles-gummies-fruit-tea-flavor.jpg,
347146,simple,Exotic-Candy-Skittles-Gummies-Mixed-Fruit-40g,Exotic Skittles Gummies - Mixed Fruit Gummies,1,,Exotic-Candy-Skittles-Gummies-Mixed-Fruit-40g,118,1.41,,,7,,https://delta8resellers.com/wp-content/uploads/2023/01/exotic-skittles-gummies-mixed-fruit-flavor.jpg,
347147,simple,Exotic-Candy-Skittles-Gummies-Original-Fruit-40g,Exotic Skittles Gummies - Original Fruit Gummies,1,,Exotic-Candy-Skittles-Gummies-Original-Fruit-40g,58,1.41,,,7,,https://delta8resellers.com/wp-content/uploads/2023/01/exotic-skittles-gummies-original-fruit.jpg,
347148,simple,Exotic-Candy-Skittles-Gummies-Tropical-Fruit-40g,Exotic Skittles Gummies - Tropical Fruit Gummies,1,,Exotic-Candy-Skittles-Gummies-Tropical-Fruit-40g,0,1.41,,,7,,https://delta8resellers.com/wp-content/uploads/2023/01/exotic-skittles-gummies-tropical-fruit.jpg,
325401,simple,Exotic-Skittles-Squishy-Cloudz-70g-Crazy-Sours,Exotic Skittles Squishy Cloudz | 70g - Crazy Sours,1,,Exotic-Skittles-Squishy-Cloudz-70g-Crazy-Sours,0,1,,,5.5,,https://delta8resellers.com/wp-content/uploads/2023/01/Exotic-Skittles-Squishy-Cloudz-Sour-70g.webp,
325402,simple,Exotic-Skittles-Squishy-Cloudz-70g-Fruits,Exotic Skittles Squishy Cloudz | 70g - Fruits,1,,Exotic-Skittles-Squishy-Cloudz-70g-Fruits,0,1,,,5.5,,https://delta8resellers.com/wp-content/uploads/2023/01/exotic-skittles-fruits-70g.jpg,
325331,simple,Exotic-Sprite-Energy-500ml,Exotic Sprite Energy | 500ml,1,,"<h2>Exotic Sprite Energy | 500ml</h2>\nWho in this world doesn't enjoy the crisp freshness of a nice cold sprite? Well we no the answer to that question is no one which makes these exotic flavored Sprites that much more exciting. Enjoy exclusive flavors from all over the world. Each bottle contains 500ml of exotic soda.\n<h2>Additional Product Information</h2>\n<ul>\n 	<li>Exotic Sprite Energy Flavor</li>\n 	<li>Exclusive From The Japanese Market</li>\n 	<li>500ml Size (17.59oz)</li>\n</ul>",0,5,,,7.75,"Exotic Snacks > Exotic Drinks / Soda, Exotic Snacks",https://delta8resellers.com/wp-content/uploads/2023/01/exotic-sprite-energy-soda.jpg,
347929,simple,Exotic-Tropicana-Juice-450ml-Blueberry-Pomegranate,Exotic Tropicana Juice | 450ml - Blueberry Pomegranate,1,,Exotic-Tropicana-Juice-450ml-Blueberry-Pomegranate,0,15.16,,,5.75,,https://delta8resellers.com/wp-content/uploads/2023/01/exotic-tropicana-v4.jpg,
347930,simple,Exotic-Tropicana-Juice-450ml-Golden-Orange-Passion-Fruit,Exotic Tropicana Juice | 450ml - Golden Orange Passion Fruit,1,,Exotic-Tropicana-Juice-450ml-Golden-Orange-Passion-Fruit,0,15.16,,,5.75,,https://delta8resellers.com/wp-content/uploads/2023/01/exotic-tropicana-v2.jpg,
347931,simple,Exotic-Tropicana-Juice-450ml-Golden-Orange-Pineapple,Exotic Tropicana Juice | 450ml - Golden Orange Pineapple,1,,Exotic-Tropicana-Juice-450ml-Golden-Orange-Pineapple,0,15.16,,,5.75,,https://delta8resellers.com/wp-content/uploads/2023/01/exotic-tropicana-v1.jpg,
347932,simple,Exotic-Tropicana-Juice-450ml-Tropical-Fruit,Exotic Tropicana Juice | 450ml - Tropical Fruit,1,,Exotic-Tropicana-Juice-450ml-Tropical-Fruit,0,15.16,,,5.75,,https://delta8resellers.com/wp-content/uploads/2023/01/exotic-tropicana-v3.jpg,
520730,simple,exotic-drinks-VLT-lemon-tea-8.45oz,Exotic VLT Lemon Tea | 250ml,1,"<ul>\n 	<li>Exotic Snack From The Chinese Snack Market</li>\n 	<li>8.45oz</li>\n</ul>","<h2>Exotic VLT Lemon Tea | 250ml</h2>\nCheck out this refreshing lemon flavored iced tea from the Chinese snack market. This is not like your traditional American tea as it has a chinese spin on flavor added to it. This one is sure you dont want to miss if you are looking to broaden your exotic drink horizon. These juice boxes come with 250ml (8.45oz) of delicious lemon flavored tea.\n<h3>Country of Origin</h3>\n<ul>\n 	<li>China</li>\n</ul>",43,8.45,,,3,"Exotic Snacks > Exotic Drinks / Soda, Exotic Snacks",https://delta8resellers.com/wp-content/uploads/2023/06/vitasoy-lemon-tea.jpg,